<?xml version="1.0" encoding="UTF-8"?>
<!DOCTYPE mapper
  PUBLIC "-//mybatis.org//DTD Mapper 3.0//EN"
  "http://mybatis.org/dtd/mybatis-3-mapper.dtd">
<mapper namespace="emp">
	<select id="selectAll" resultType="empvo">
		select * from emp
	</select>
	<select id="selectDept" parameterType="string" resultType="empvo">
		select * from emp where deptno=#{deptno}
	</select>
	<select id="selectList" parameterType="string" resultType="empvo">
		select 
			* 
		from 
			emp 
		<where>
			<if test="deptno != null and deptno != ''">
				deptno=#{deptno}
			</if>
		</where> 
	</select>
 </mapper>
