<?xml version="1.0" encoding="UTF-8"?>
<!DOCTYPE mapper
  PUBLIC "-//mybatis.org//DTD Mapper 3.0//EN"
  "http://mybatis.org/dtd/mybatis-3-mapper.dtd">
<mapper namespace="memo">

	<!-- 1. 모두 얻기 -->
	<select id="selectList" resultType="MemoVO">
		select * from memo order by idx desc
	</select>

	<!-- 2. 1개 얻기 -->
	<select id="selectByIdx" resultType="MemoVO" parameterType="int">
		select * from memo where idx=#{idx}
	</select>
	
	<!-- 3. 저장 하기 -->
	<insert id="insert" parameterType="MemoVO">
		insert into 
		memo
			(name,password,memo,regDate,ip) 
		values 
			(#{name}, #{password}, #{memo}, now(), #{ip})
	</insert>
	<!-- 4. 수정 하기 -->
	<update id="update" parameterType="MemoVO">
		update 
			memo
		set
			memo = #{memo}, regDate=now(), ip=#{ip}
		where
			idx = #{idx}
	</update>
	<!-- 5. 삭제 하기 -->
	<delete id="delete" parameterType="int">
		delete from memo where idx = #{idx}
	</delete>
</mapper>
